,rating_date
0,30/10/2022
1,29/10/2022
2,28/10/2022
3,23/10/2022
4,22/10/2022
5,21/10/2022
6,19/10/2022
7,18/10/2022
8,18/10/2022
9,12/10/2022
10,05/10/2022
11,04/10/2022
12,04/10/2022
13,02/10/2022
14,02/10/2022
15,29/09/2022
16,27/09/2022
17,22/09/2022
18,22/09/2022
19,19/09/2022
20,18/09/2022
21,17/09/2022
22,16/09/2022
23,12/09/2022
24,11/09/2022
25,09/09/2022
26,09/09/2022
27,09/09/2022
28,08/09/2022
29,07/09/2022
30,04/09/2022
31,04/09/2022
32,30/08/2022
33,26/08/2022
34,26/08/2022
35,26/08/2022
36,24/08/2022
37,24/08/2022
38,15/08/2022
39,14/08/2022
40,11/08/2022
41,11/08/2022
42,09/08/2022
43,04/08/2022
44,02/08/2022
45,30/07/2022
46,30/07/2022
47,27/07/2022
48,25/07/2022
49,24/07/2022
50,21/07/2022
51,17/07/2022
52,10/07/2022
53,03/07/2022
54,29/06/2022
55,25/06/2022
56,18/06/2022
57,13/06/2022
58,12/06/2022
59,31/05/2022
60,26/05/2022
61,18/05/2022
62,13/05/2022
63,10/05/2022
64,03/05/2022
65,02/05/2022
66,02/05/2022
67,02/05/2022
68,21/04/2022
69,21/04/2022
70,19/02/2022
71,07/11/2021
72,03/11/2021
73,01/11/2021
74,31/10/2021
75,28/10/2021
76,27/10/2021
77,27/10/2021
78,25/10/2021
79,23/10/2021
80,22/10/2021
81,21/10/2021
82,20/10/2021
83,19/10/2021
84,17/10/2021
85,17/10/2021
86,12/10/2021
87,06/10/2021
88,06/10/2021
89,24/09/2021
90,23/09/2021
91,21/09/2021
92,05/09/2021
93,05/09/2021
94,04/09/2021
95,02/09/2021
96,02/09/2021
97,30/08/2021
98,27/08/2021
99,24/08/2021
100,21/08/2021
101,20/08/2021
102,18/08/2021
103,18/08/2021
104,17/08/2021
105,15/08/2021
106,15/08/2021
107,11/08/2021
108,09/08/2021
109,07/08/2021
110,20/11/2020
111,29/10/2020
112,28/10/2020
113,27/10/2020
114,18/10/2020
115,18/10/2020
116,16/10/2020
117,16/10/2020
118,14/10/2020
119,13/10/2020
120,10/10/2020
121,10/10/2020
122,03/10/2020
123,02/10/2020
124,02/10/2020
125,30/09/2020
126,28/09/2020
127,27/09/2020
128,24/09/2020
129,24/09/2020
130,22/09/2020
131,21/09/2020
132,19/09/2020
133,16/09/2020
134,16/09/2020
135,07/09/2020
136,06/09/2020
137,05/09/2020
138,03/09/2020
139,31/08/2020
140,26/08/2020
141,22/08/2020
142,20/08/2020
143,05/08/2020
144,12/12/2019
145,21/11/2019
146,16/11/2019
147,12/11/2019
148,10/11/2019
149,05/11/2019
150,04/11/2019
151,03/11/2019
152,02/11/2019
153,01/11/2019
154,01/11/2019
155,31/10/2019
156,26/10/2019
157,26/10/2019
158,26/10/2019
159,24/10/2019
160,24/10/2019
161,23/10/2019
162,22/10/2019
163,22/10/2019
164,21/10/2019
165,21/10/2019
166,20/10/2019
167,17/10/2019
168,16/10/2019
169,15/10/2019
170,14/10/2019
171,13/10/2019
172,12/10/2019
173,12/10/2019
174,12/10/2019
175,11/10/2019
176,09/10/2019
177,09/10/2019
178,09/10/2019
179,08/10/2019
180,07/10/2019
181,06/10/2019
182,06/10/2019
183,06/10/2019
184,05/10/2019
185,05/10/2019
186,04/10/2019
187,03/10/2019
188,03/10/2019
189,30/09/2019
190,30/09/2019
191,29/09/2019
192,28/09/2019
193,28/09/2019
194,26/09/2019
195,26/09/2019
196,25/09/2019
197,24/09/2019
198,23/09/2019
199,20/09/2019
200,20/09/2019
201,20/09/2019
202,19/09/2019
203,19/09/2019
204,19/09/2019
205,18/09/2019
206,17/09/2019
207,13/09/2019
208,13/09/2019
209,13/09/2019
210,12/09/2019
211,12/09/2019
212,12/09/2019
213,11/09/2019
214,10/09/2019
215,09/09/2019
216,08/09/2019
217,08/09/2019
218,07/09/2019
219,07/09/2019
220,07/09/2019
221,07/09/2019
222,05/09/2019
223,05/09/2019
224,04/09/2019
225,04/09/2019
226,04/09/2019
227,04/09/2019
228,03/09/2019
229,03/09/2019
230,03/09/2019
231,02/09/2019
232,02/09/2019
233,01/09/2019
234,31/08/2019
235,31/08/2019
236,30/08/2019
237,30/08/2019
238,30/08/2019
239,29/08/2019
240,28/08/2019
241,27/08/2019
242,27/08/2019
243,25/08/2019
244,24/08/2019
245,24/08/2019
246,23/08/2019
247,22/08/2019
248,22/08/2019
249,21/08/2019
250,21/08/2019
251,19/08/2019
252,18/08/2019
253,16/08/2019
254,16/08/2019
255,15/08/2019
256,15/08/2019
257,15/08/2019
258,15/08/2019
259,14/08/2019
260,14/08/2019
261,14/08/2019
262,13/08/2019
263,13/08/2019
264,13/08/2019
265,12/08/2019
266,12/08/2019
267,12/08/2019
268,12/08/2019
269,12/08/2019
270,11/08/2019
271,10/08/2019
272,10/08/2019
273,10/08/2019
274,10/08/2019
275,09/08/2019
276,09/08/2019
277,09/08/2019
278,07/08/2019
279,06/08/2019
280,06/08/2019
281,05/08/2019
282,04/08/2019
283,04/08/2019
284,03/08/2019
285,03/08/2019
286,02/08/2019
287,01/08/2019
288,31/07/2019
289,31/07/2019
290,30/07/2019
291,29/07/2019
292,29/07/2019
293,28/07/2019
294,26/07/2019
295,26/07/2019
296,24/07/2019
297,23/07/2019
298,22/07/2019
299,22/07/2019
300,21/07/2019
301,21/07/2019
302,20/07/2019
303,19/07/2019
304,16/07/2019
305,13/07/2019
306,12/07/2019
307,11/07/2019
308,10/07/2019
309,09/07/2019
310,08/07/2019
311,08/07/2019
312,08/07/2019
313,07/07/2019
314,07/07/2019
315,06/07/2019
316,04/07/2019
317,04/07/2019
318,03/07/2019
319,02/07/2019
320,02/07/2019
321,02/07/2019
322,01/07/2019
323,01/07/2019
324,30/06/2019
325,25/06/2019
326,24/06/2019
327,24/06/2019
328,23/06/2019
329,23/06/2019
330,22/06/2019
331,22/06/2019
332,22/06/2019
333,22/06/2019
334,21/06/2019
335,20/06/2019
336,20/06/2019
337,20/06/2019
338,17/06/2019
339,16/06/2019
340,13/06/2019
341,13/06/2019
342,11/06/2019
343,11/06/2019
344,10/06/2019
345,10/06/2019
346,10/06/2019
347,08/06/2019
348,07/06/2019
349,05/06/2019
350,05/06/2019
351,04/06/2019
352,03/06/2019
353,01/06/2019
354,28/05/2019
355,28/05/2019
356,27/05/2019
357,26/05/2019
358,26/05/2019
359,25/05/2019
360,25/05/2019
361,25/05/2019
362,23/05/2019
363,22/05/2019
364,20/05/2019
365,19/05/2019
366,18/05/2019
367,15/05/2019
368,15/05/2019
369,11/05/2019
370,10/05/2019
371,10/05/2019
372,10/05/2019
373,09/05/2019
374,09/05/2019
375,08/05/2019
376,07/05/2019
377,06/05/2019
378,04/05/2019
379,04/05/2019
380,04/05/2019
381,03/05/2019
382,03/05/2019
383,03/05/2019
384,01/05/2019
385,30/04/2019
386,29/04/2019
387,28/04/2019
388,27/04/2019
389,24/04/2019
390,24/04/2019
391,23/04/2019
392,10/03/2019
393,08/03/2019
394,24/02/2019
395,18/02/2019
396,13/02/2019
397,31/12/2018
398,21/11/2018
399,20/11/2018
400,18/11/2018
401,08/11/2018
402,06/11/2018
403,02/11/2018
404,29/10/2018
405,28/10/2018
406,26/10/2018
407,26/10/2018
408,26/10/2018
409,26/10/2018
410,26/10/2018
411,25/10/2018
412,24/10/2018
413,23/10/2018
414,23/10/2018
415,23/10/2018
416,22/10/2018
417,21/10/2018
418,20/10/2018
419,19/10/2018
420,18/10/2018
421,17/10/2018
422,17/10/2018
423,17/10/2018
424,16/10/2018
425,15/10/2018
426,15/10/2018
427,15/10/2018
428,12/10/2018
429,12/10/2018
430,11/10/2018
431,11/10/2018
432,10/10/2018
433,09/10/2018
434,09/10/2018
435,08/10/2018
436,08/10/2018
437,07/10/2018
438,07/10/2018
439,06/10/2018
440,06/10/2018
441,06/10/2018
442,05/10/2018
443,05/10/2018
444,05/10/2018
445,05/10/2018
446,04/10/2018
447,04/10/2018
448,03/10/2018
449,02/10/2018
450,02/10/2018
451,02/10/2018
452,01/10/2018
453,01/10/2018
454,30/09/2018
455,29/09/2018
456,28/09/2018
457,28/09/2018
458,28/09/2018
459,28/09/2018
460,27/09/2018
461,27/09/2018
462,26/09/2018
463,25/09/2018
464,25/09/2018
465,24/09/2018
466,24/09/2018
467,23/09/2018
468,22/09/2018
469,20/09/2018
470,19/09/2018
471,18/09/2018
472,18/09/2018
473,17/09/2018
474,17/09/2018
475,16/09/2018
476,15/09/2018
477,15/09/2018
478,15/09/2018
479,14/09/2018
480,14/09/2018
481,12/09/2018
482,11/09/2018
483,10/09/2018
484,10/09/2018
485,05/09/2018
486,05/09/2018
487,04/09/2018
488,04/09/2018
489,03/09/2018
490,03/09/2018
491,02/09/2018
492,02/09/2018
493,02/09/2018
494,01/09/2018
495,31/08/2018
496,31/08/2018
497,30/08/2018
498,30/08/2018
499,30/08/2018
500,30/08/2018
501,30/08/2018
502,29/08/2018
503,28/08/2018
504,28/08/2018
505,28/08/2018
506,27/08/2018
507,27/08/2018
508,27/08/2018
509,27/08/2018
510,26/08/2018
511,26/08/2018
512,26/08/2018
513,25/08/2018
514,25/08/2018
515,25/08/2018
516,24/08/2018
517,24/08/2018
518,24/08/2018
519,23/08/2018
520,23/08/2018
521,22/08/2018
522,22/08/2018
523,21/08/2018
524,20/08/2018
525,19/08/2018
526,19/08/2018
527,19/08/2018
528,18/08/2018
529,17/08/2018
530,16/08/2018
531,16/08/2018
532,16/08/2018
533,15/08/2018
534,14/08/2018
535,14/08/2018
536,13/08/2018
537,13/08/2018
538,13/08/2018
539,11/08/2018
540,11/08/2018
541,10/08/2018
542,09/08/2018
543,09/08/2018
544,08/08/2018
545,08/08/2018
546,06/08/2018
547,06/08/2018
548,05/08/2018
549,05/08/2018
550,03/08/2018
551,02/08/2018
552,02/08/2018
553,02/08/2018
554,02/08/2018
555,01/08/2018
556,01/08/2018
557,01/08/2018
558,31/07/2018
559,31/07/2018
560,30/07/2018
561,29/07/2018
562,29/07/2018
563,29/07/2018
564,28/07/2018
565,28/07/2018
566,28/07/2018
567,28/07/2018
568,27/07/2018
569,27/07/2018
570,27/07/2018
571,27/07/2018
572,26/07/2018
573,26/07/2018
574,25/07/2018
575,25/07/2018
576,25/07/2018
577,24/07/2018
578,24/07/2018
579,23/07/2018
580,23/07/2018
581,23/07/2018
582,23/07/2018
583,23/07/2018
584,22/07/2018
585,22/07/2018
586,21/07/2018
587,20/07/2018
588,20/07/2018
589,19/07/2018
590,19/07/2018
591,17/07/2018
592,16/07/2018
593,16/07/2018
594,16/07/2018
595,15/07/2018
596,14/07/2018
597,14/07/2018
598,14/07/2018
599,13/07/2018
600,13/07/2018
601,13/07/2018
602,13/07/2018
603,13/07/2018
604,12/07/2018
605,11/07/2018
606,11/07/2018
607,10/07/2018
608,10/07/2018
609,10/07/2018
610,09/07/2018
611,09/07/2018
612,09/07/2018
613,09/07/2018
614,09/07/2018
615,09/07/2018
616,08/07/2018
617,08/07/2018
618,08/07/2018
619,06/07/2018
620,05/07/2018
621,04/07/2018
622,04/07/2018
623,03/07/2018
624,03/07/2018
625,01/07/2018
626,30/06/2018
627,28/06/2018
628,28/06/2018
629,28/06/2018
630,27/06/2018
631,27/06/2018
632,27/06/2018
633,27/06/2018
634,27/06/2018
635,26/06/2018
636,26/06/2018
637,26/06/2018
638,26/06/2018
639,26/06/2018
640,26/06/2018
641,25/06/2018
642,25/06/2018
643,24/06/2018
644,23/06/2018
645,23/06/2018
646,22/06/2018
647,22/06/2018
648,22/06/2018
649,21/06/2018
650,20/06/2018
651,19/06/2018
652,19/06/2018
653,18/06/2018
654,18/06/2018
655,17/06/2018
656,14/06/2018
657,12/06/2018
658,12/06/2018
659,11/06/2018
660,10/06/2018
661,10/06/2018
662,07/06/2018
663,07/06/2018
664,05/06/2018
665,05/06/2018
666,04/06/2018
667,02/06/2018
668,31/05/2018
669,30/05/2018
670,30/05/2018
671,28/05/2018
672,28/05/2018
673,28/05/2018
674,27/05/2018
675,27/05/2018
676,27/05/2018
677,24/05/2018
678,21/05/2018
679,21/05/2018
680,21/05/2018
681,20/05/2018
682,18/05/2018
683,17/05/2018
684,14/05/2018
685,12/05/2018
686,10/05/2018
687,08/05/2018
688,08/05/2018
689,07/05/2018
690,04/05/2018
691,02/05/2018
692,30/04/2018
693,30/04/2018
694,29/04/2018
695,16/04/2018
696,10/04/2018
697,03/04/2018
698,30/03/2018
699,24/03/2018
700,05/03/2018
701,03/03/2018
702,17/02/2018
703,07/02/2018
704,05/02/2018
705,22/01/2018
706,01/01/2018
707,20/12/2017
708,08/12/2017
709,30/11/2017
710,28/11/2017
711,09/11/2017
712,05/11/2017
713,05/11/2017
714,03/11/2017
715,03/11/2017
716,02/11/2017
717,02/11/2017
718,01/11/2017
719,01/11/2017
720,30/10/2017
721,30/10/2017
722,29/10/2017
723,28/10/2017
724,27/10/2017
725,27/10/2017
726,27/10/2017
727,26/10/2017
728,25/10/2017
729,25/10/2017
730,24/10/2017
731,24/10/2017
732,24/10/2017
733,23/10/2017
734,22/10/2017
735,22/10/2017
736,20/10/2017
737,19/10/2017
738,17/10/2017
739,17/10/2017
740,16/10/2017
741,15/10/2017
742,15/10/2017
743,13/10/2017
744,12/10/2017
745,12/10/2017
746,11/10/2017
747,11/10/2017
748,11/10/2017
749,10/10/2017
750,10/10/2017
751,08/10/2017
752,08/10/2017
753,08/10/2017
754,07/10/2017
755,06/10/2017
756,05/10/2017
757,04/10/2017
758,04/10/2017
759,03/10/2017
760,03/10/2017
761,03/10/2017
762,02/10/2017
763,02/10/2017
764,01/10/2017
765,30/09/2017
766,30/09/2017
767,30/09/2017
768,30/09/2017
769,29/09/2017
770,29/09/2017
771,29/09/2017
772,29/09/2017
773,28/09/2017
774,28/09/2017
775,27/09/2017
776,27/09/2017
777,26/09/2017
778,26/09/2017
779,26/09/2017
780,25/09/2017
781,24/09/2017
782,24/09/2017
783,24/09/2017
784,24/09/2017
785,23/09/2017
786,23/09/2017
787,23/09/2017
788,23/09/2017
789,22/09/2017
790,22/09/2017
791,22/09/2017
792,21/09/2017
793,20/09/2017
794,19/09/2017
795,19/09/2017
796,18/09/2017
797,16/09/2017
798,16/09/2017
799,16/09/2017
800,16/09/2017
801,15/09/2017
802,14/09/2017
803,13/09/2017
804,13/09/2017
805,13/09/2017
806,12/09/2017
807,11/09/2017
808,10/09/2017
809,10/09/2017
810,10/09/2017
811,10/09/2017
812,09/09/2017
813,08/09/2017
814,08/09/2017
815,08/09/2017
816,08/09/2017
817,08/09/2017
818,07/09/2017
819,07/09/2017
820,07/09/2017
821,07/09/2017
822,07/09/2017
823,06/09/2017
824,06/09/2017
825,06/09/2017
826,05/09/2017
827,03/09/2017
828,03/09/2017
829,02/09/2017
830,02/09/2017
831,01/09/2017
832,01/09/2017
833,01/09/2017
834,31/08/2017
835,31/08/2017
836,31/08/2017
837,30/08/2017
838,29/08/2017
839,29/08/2017
840,29/08/2017
841,28/08/2017
842,28/08/2017
843,27/08/2017
844,27/08/2017
845,26/08/2017
846,26/08/2017
847,26/08/2017
848,25/08/2017
849,25/08/2017
850,25/08/2017
851,24/08/2017
852,24/08/2017
853,23/08/2017
854,23/08/2017
855,23/08/2017
856,22/08/2017
857,21/08/2017
858,21/08/2017
859,21/08/2017
860,21/08/2017
861,20/08/2017
862,20/08/2017
863,20/08/2017
864,20/08/2017
865,19/08/2017
866,19/08/2017
867,19/08/2017
868,19/08/2017
869,19/08/2017
870,18/08/2017
871,18/08/2017
872,17/08/2017
873,17/08/2017
874,16/08/2017
875,16/08/2017
876,15/08/2017
877,13/08/2017
878,13/08/2017
879,13/08/2017
880,13/08/2017
881,13/08/2017
882,12/08/2017
883,12/08/2017
884,11/08/2017
885,11/08/2017
886,10/08/2017
887,10/08/2017
888,09/08/2017
889,09/08/2017
890,09/08/2017
891,09/08/2017
892,09/08/2017
893,08/08/2017
894,08/08/2017
895,08/08/2017
896,07/08/2017
897,07/08/2017
898,07/08/2017
899,07/08/2017
900,07/08/2017
901,07/08/2017
902,07/08/2017
903,06/08/2017
904,06/08/2017
905,05/08/2017
906,04/08/2017
907,03/08/2017
908,03/08/2017
909,02/08/2017
910,02/08/2017
911,02/08/2017
912,01/08/2017
913,01/08/2017
914,31/07/2017
915,31/07/2017
916,30/07/2017
917,30/07/2017
918,30/07/2017
919,30/07/2017
920,30/07/2017
921,30/07/2017
922,29/07/2017
923,28/07/2017
924,28/07/2017
925,27/07/2017
926,25/07/2017
927,24/07/2017
928,24/07/2017
929,24/07/2017
930,23/07/2017
931,23/07/2017
932,23/07/2017
933,23/07/2017
934,23/07/2017
935,22/07/2017
936,22/07/2017
937,21/07/2017
938,21/07/2017
939,21/07/2017
940,21/07/2017
941,20/07/2017
942,20/07/2017
943,20/07/2017
944,19/07/2017
945,19/07/2017
946,19/07/2017
947,19/07/2017
948,18/07/2017
949,18/07/2017
950,18/07/2017
951,17/07/2017
952,17/07/2017
953,16/07/2017
954,13/07/2017
955,13/07/2017
956,12/07/2017
957,12/07/2017
958,12/07/2017
959,12/07/2017
960,12/07/2017
961,11/07/2017
962,11/07/2017
963,11/07/2017
964,11/07/2017
965,10/07/2017
966,10/07/2017
967,10/07/2017
968,10/07/2017
969,09/07/2017
970,08/07/2017
971,08/07/2017
972,08/07/2017
973,07/07/2017
974,07/07/2017
975,07/07/2017
976,07/07/2017
977,06/07/2017
978,06/07/2017
979,05/07/2017
980,05/07/2017
981,04/07/2017
982,03/07/2017
983,03/07/2017
984,02/07/2017
985,02/07/2017
986,01/07/2017
987,01/07/2017
988,30/06/2017
989,29/06/2017
990,29/06/2017
991,28/06/2017
992,28/06/2017
993,27/06/2017
994,26/06/2017
995,26/06/2017
996,25/06/2017
997,25/06/2017
998,25/06/2017
999,24/06/2017
1000,24/06/2017
1001,24/06/2017
1002,23/06/2017
1003,23/06/2017
1004,22/06/2017
1005,22/06/2017
1006,20/06/2017
1007,20/06/2017
1008,19/06/2017
1009,19/06/2017
1010,19/06/2017
1011,19/06/2017
1012,18/06/2017
1013,17/06/2017
1014,13/06/2017
1015,13/06/2017
1016,13/06/2017
1017,12/06/2017
1018,12/06/2017
1019,11/06/2017
1020,11/06/2017
1021,10/06/2017
1022,09/06/2017
1023,09/06/2017
1024,07/06/2017
1025,07/06/2017
1026,06/06/2017
1027,06/06/2017
1028,06/06/2017
1029,06/06/2017
1030,05/06/2017
1031,05/06/2017
1032,04/06/2017
1033,04/06/2017
1034,03/06/2017
1035,02/06/2017
1036,02/06/2017
1037,01/06/2017
1038,01/06/2017
1039,30/05/2017
1040,29/05/2017
1041,26/05/2017
1042,26/05/2017
1043,26/05/2017
1044,25/05/2017
1045,25/05/2017
1046,25/05/2017
1047,24/05/2017
1048,23/05/2017
1049,23/05/2017
1050,23/05/2017
1051,22/05/2017
1052,22/05/2017
1053,22/05/2017
1054,22/05/2017
1055,22/05/2017
1056,21/05/2017
1057,21/05/2017
1058,21/05/2017
1059,20/05/2017
1060,20/05/2017
1061,19/05/2017
1062,18/05/2017
1063,18/05/2017
1064,16/05/2017
1065,14/05/2017
1066,14/05/2017
1067,13/05/2017
1068,13/05/2017
1069,08/05/2017
1070,08/05/2017
1071,07/05/2017
1072,06/05/2017
1073,06/05/2017
1074,06/05/2017
1075,03/05/2017
1076,02/05/2017
1077,02/05/2017
1078,01/05/2017
1079,01/05/2017
1080,30/04/2017
1081,30/04/2017
1082,27/04/2017
1083,25/04/2017
1084,23/04/2017
1085,23/04/2017
1086,21/04/2017
1087,21/04/2017
1088,17/04/2017
1089,16/04/2017
1090,16/04/2017
1091,14/04/2017
1092,14/04/2017
1093,13/04/2017
1094,11/04/2017
1095,10/04/2017
1096,04/04/2017
1097,01/04/2017
1098,30/03/2017
1099,14/03/2017
1100,08/03/2017
1101,17/02/2017
1102,14/02/2017
1103,12/02/2017
1104,02/02/2017
1105,31/01/2017
1106,19/01/2017
1107,17/01/2017
1108,10/01/2017
1109,29/12/2016
1110,27/12/2016
1111,24/12/2016
1112,09/12/2016
1113,28/11/2016
1114,11/11/2016
1115,09/11/2016
1116,09/11/2016
1117,08/11/2016
1118,08/11/2016
1119,07/11/2016
1120,06/11/2016
1121,03/11/2016
1122,03/11/2016
1123,03/11/2016
1124,02/11/2016
1125,01/11/2016
1126,01/11/2016
1127,01/11/2016
1128,31/10/2016
1129,31/10/2016
1130,30/10/2016
1131,27/10/2016
1132,27/10/2016
1133,26/10/2016
1134,26/10/2016
1135,24/10/2016
1136,23/10/2016
1137,23/10/2016
1138,23/10/2016
1139,22/10/2016
1140,21/10/2016
1141,21/10/2016
1142,21/10/2016
1143,20/10/2016
1144,20/10/2016
1145,20/10/2016
1146,20/10/2016
1147,19/10/2016
1148,19/10/2016
1149,17/10/2016
1150,16/10/2016
1151,15/10/2016
1152,14/10/2016
1153,12/10/2016
1154,12/10/2016
1155,12/10/2016
1156,12/10/2016
1157,11/10/2016
1158,10/10/2016
1159,10/10/2016
1160,09/10/2016
1161,07/10/2016
1162,07/10/2016
1163,07/10/2016
1164,07/10/2016
1165,05/10/2016
1166,03/10/2016
1167,03/10/2016
1168,02/10/2016
1169,02/10/2016
1170,01/10/2016
1171,01/10/2016
1172,01/10/2016
1173,01/10/2016
1174,01/10/2016
1175,30/09/2016
1176,30/09/2016
1177,29/09/2016
1178,28/09/2016
1179,28/09/2016
1180,27/09/2016
1181,26/09/2016
1182,25/09/2016
1183,25/09/2016
1184,24/09/2016
1185,23/09/2016
1186,23/09/2016
1187,23/09/2016
1188,23/09/2016
1189,23/09/2016
1190,23/09/2016
1191,22/09/2016
1192,22/09/2016
1193,21/09/2016
1194,21/09/2016
1195,21/09/2016
1196,20/09/2016
1197,19/09/2016
1198,19/09/2016
1199,18/09/2016
1200,17/09/2016
1201,17/09/2016
1202,17/09/2016
1203,17/09/2016
1204,16/09/2016
1205,15/09/2016
1206,15/09/2016
1207,14/09/2016
1208,14/09/2016
1209,13/09/2016
1210,13/09/2016
1211,13/09/2016
1212,13/09/2016
1213,13/09/2016
1214,13/09/2016
1215,13/09/2016
1216,13/09/2016
1217,13/09/2016
1218,12/09/2016
1219,12/09/2016
1220,11/09/2016
1221,10/09/2016
1222,10/09/2016
1223,10/09/2016
1224,10/09/2016
1225,09/09/2016
1226,09/09/2016
1227,09/09/2016
1228,08/09/2016
1229,08/09/2016
1230,08/09/2016
1231,08/09/2016
1232,07/09/2016
1233,06/09/2016
1234,06/09/2016
1235,05/09/2016
1236,04/09/2016
1237,04/09/2016
1238,04/09/2016
1239,04/09/2016
1240,03/09/2016
1241,03/09/2016
1242,03/09/2016
1243,03/09/2016
1244,02/09/2016
1245,02/09/2016
1246,02/09/2016
1247,02/09/2016
1248,01/09/2016
1249,31/08/2016
1250,31/08/2016
1251,31/08/2016
1252,30/08/2016
1253,29/08/2016
1254,29/08/2016
1255,29/08/2016
1256,28/08/2016
1257,28/08/2016
1258,28/08/2016
1259,28/08/2016
1260,27/08/2016
1261,27/08/2016
1262,27/08/2016
1263,27/08/2016
1264,27/08/2016
1265,26/08/2016
1266,26/08/2016
1267,26/08/2016
1268,26/08/2016
1269,25/08/2016
1270,25/08/2016
1271,25/08/2016
1272,25/08/2016
1273,25/08/2016
1274,25/08/2016
1275,24/08/2016
1276,24/08/2016
1277,24/08/2016
1278,24/08/2016
1279,24/08/2016
1280,24/08/2016
1281,24/08/2016
1282,24/08/2016
1283,24/08/2016
1284,23/08/2016
1285,23/08/2016
1286,23/08/2016
1287,23/08/2016
1288,23/08/2016
1289,23/08/2016
1290,23/08/2016
1291,22/08/2016
1292,22/08/2016
1293,22/08/2016
1294,22/08/2016
1295,21/08/2016
1296,21/08/2016
1297,21/08/2016
1298,21/08/2016
1299,21/08/2016
1300,20/08/2016
1301,20/08/2016
1302,20/08/2016
1303,20/08/2016
1304,19/08/2016
1305,19/08/2016
1306,18/08/2016
1307,18/08/2016
1308,18/08/2016
1309,18/08/2016
1310,18/08/2016
1311,18/08/2016
1312,18/08/2016
1313,18/08/2016
1314,17/08/2016
1315,17/08/2016
1316,17/08/2016
1317,16/08/2016
1318,16/08/2016
1319,15/08/2016
1320,15/08/2016
1321,15/08/2016
1322,15/08/2016
1323,15/08/2016
1324,14/08/2016
1325,14/08/2016
1326,14/08/2016
1327,13/08/2016
1328,13/08/2016
1329,13/08/2016
1330,13/08/2016
1331,12/08/2016
1332,12/08/2016
1333,12/08/2016
1334,11/08/2016
1335,11/08/2016
1336,11/08/2016
1337,11/08/2016
1338,10/08/2016
1339,10/08/2016
1340,10/08/2016
1341,10/08/2016
1342,10/08/2016
1343,08/08/2016
1344,07/08/2016
1345,07/08/2016
1346,07/08/2016
1347,07/08/2016
1348,07/08/2016
1349,06/08/2016
1350,06/08/2016
1351,06/08/2016
1352,05/08/2016
1353,05/08/2016
1354,05/08/2016
1355,04/08/2016
1356,04/08/2016
1357,03/08/2016
1358,03/08/2016
1359,03/08/2016
1360,03/08/2016
1361,03/08/2016
1362,02/08/2016
1363,02/08/2016
1364,02/08/2016
1365,02/08/2016
1366,01/08/2016
1367,01/08/2016
1368,01/08/2016
1369,31/07/2016
1370,31/07/2016
1371,31/07/2016
1372,29/07/2016
1373,29/07/2016
1374,29/07/2016
1375,28/07/2016
1376,28/07/2016
1377,28/07/2016
1378,27/07/2016
1379,27/07/2016
1380,27/07/2016
1381,27/07/2016
1382,26/07/2016
1383,26/07/2016
1384,26/07/2016
1385,25/07/2016
1386,25/07/2016
1387,25/07/2016
1388,25/07/2016
1389,25/07/2016
1390,24/07/2016
1391,24/07/2016
1392,24/07/2016
1393,24/07/2016
1394,24/07/2016
1395,23/07/2016
1396,23/07/2016
1397,23/07/2016
1398,22/07/2016
1399,21/07/2016
1400,21/07/2016
1401,21/07/2016
1402,20/07/2016
1403,16/07/2016
1404,16/07/2016
1405,16/07/2016
1406,16/07/2016
1407,14/07/2016
1408,14/07/2016
1409,14/07/2016
1410,13/07/2016
1411,13/07/2016
1412,12/07/2016
1413,12/07/2016
1414,12/07/2016
1415,11/07/2016
1416,11/07/2016
1417,10/07/2016
1418,10/07/2016
1419,09/07/2016
1420,09/07/2016
1421,08/07/2016
1422,08/07/2016
1423,08/07/2016
1424,07/07/2016
1425,07/07/2016
1426,07/07/2016
1427,07/07/2016
1428,07/07/2016
1429,05/07/2016
1430,04/07/2016
1431,04/07/2016
1432,04/07/2016
1433,04/07/2016
1434,04/07/2016
1435,04/07/2016
1436,03/07/2016
1437,02/07/2016
1438,02/07/2016
1439,02/07/2016
1440,30/06/2016
1441,29/06/2016
1442,29/06/2016
1443,28/06/2016
1444,27/06/2016
1445,27/06/2016
1446,27/06/2016
1447,27/06/2016
1448,27/06/2016
1449,24/06/2016
1450,24/06/2016
1451,24/06/2016
1452,23/06/2016
1453,22/06/2016
1454,21/06/2016
1455,19/06/2016
1456,19/06/2016
1457,19/06/2016
1458,18/06/2016
1459,18/06/2016
1460,17/06/2016
1461,16/06/2016
1462,15/06/2016
1463,14/06/2016
1464,12/06/2016
1465,12/06/2016
1466,10/06/2016
1467,09/06/2016
1468,09/06/2016
1469,09/06/2016
1470,09/06/2016
1471,09/06/2016
1472,09/06/2016
1473,07/06/2016
1474,07/06/2016
1475,07/06/2016
1476,06/06/2016
1477,06/06/2016
1478,06/06/2016
1479,05/06/2016
1480,05/06/2016
1481,03/06/2016
1482,03/06/2016
1483,03/06/2016
1484,02/06/2016
1485,01/06/2016
1486,01/06/2016
1487,30/05/2016
1488,29/05/2016
1489,28/05/2016
1490,28/05/2016
1491,27/05/2016
1492,27/05/2016
1493,26/05/2016
1494,25/05/2016
1495,23/05/2016
1496,20/05/2016
1497,20/05/2016
1498,20/05/2016
1499,19/05/2016
1500,19/05/2016
1501,18/05/2016
1502,18/05/2016
1503,18/05/2016
1504,17/05/2016
1505,17/05/2016
1506,17/05/2016
1507,17/05/2016
1508,16/05/2016
1509,16/05/2016
1510,15/05/2016
1511,12/05/2016
1512,12/05/2016
1513,11/05/2016
1514,11/05/2016
1515,09/05/2016
1516,04/05/2016
1517,01/05/2016
1518,30/04/2016
1519,25/04/2016
1520,20/04/2016
1521,18/04/2016
1522,31/03/2016
1523,30/03/2016
1524,24/03/2016
1525,23/03/2016
1526,20/03/2016
1527,20/03/2016
1528,18/03/2016
1529,10/03/2016
1530,06/03/2016
1531,26/02/2016
1532,18/02/2016
1533,10/02/2016
1534,08/02/2016
1535,26/01/2016
1536,06/01/2016
1537,05/01/2016
1538,27/12/2015
1539,13/12/2015
1540,04/12/2015
1541,29/11/2015
1542,25/11/2015
1543,24/11/2015
1544,22/11/2015
1545,21/11/2015
1546,19/11/2015
1547,19/11/2015
1548,18/11/2015
1549,17/11/2015
1550,16/11/2015
1551,11/11/2015
1552,08/11/2015
1553,05/11/2015
1554,04/11/2015
1555,03/11/2015
1556,03/11/2015
1557,02/11/2015
1558,02/11/2015
1559,02/11/2015
1560,01/11/2015
1561,30/10/2015
1562,28/10/2015
1563,27/10/2015
1564,25/10/2015
1565,25/10/2015
1566,25/10/2015
1567,22/10/2015
1568,22/10/2015
1569,21/10/2015
1570,21/10/2015
1571,21/10/2015
1572,20/10/2015
1573,19/10/2015
1574,18/10/2015
1575,18/10/2015
1576,17/10/2015
1577,16/10/2015
1578,15/10/2015
1579,15/10/2015
1580,15/10/2015
1581,14/10/2015
1582,14/10/2015
1583,14/10/2015
1584,13/10/2015
1585,12/10/2015
1586,12/10/2015
1587,12/10/2015
1588,12/10/2015
1589,11/10/2015
1590,11/10/2015
1591,11/10/2015
1592,11/10/2015
1593,11/10/2015
1594,08/10/2015
1595,08/10/2015
1596,08/10/2015
1597,08/10/2015
1598,07/10/2015
1599,06/10/2015
1600,06/10/2015
1601,05/10/2015
1602,05/10/2015
1603,05/10/2015
1604,05/10/2015
1605,05/10/2015
1606,05/10/2015
1607,04/10/2015
1608,04/10/2015
1609,04/10/2015
1610,03/10/2015
1611,02/10/2015
1612,01/10/2015
1613,01/10/2015
1614,01/10/2015
1615,28/09/2015
1616,28/09/2015
1617,28/09/2015
1618,28/09/2015
1619,28/09/2015
1620,28/09/2015
1621,27/09/2015
1622,27/09/2015
1623,27/09/2015
1624,26/09/2015
1625,25/09/2015
1626,24/09/2015
1627,24/09/2015
1628,22/09/2015
1629,22/09/2015
1630,22/09/2015
1631,21/09/2015
1632,21/09/2015
1633,21/09/2015
1634,21/09/2015
1635,21/09/2015
1636,20/09/2015
1637,20/09/2015
1638,20/09/2015
1639,19/09/2015
1640,19/09/2015
1641,19/09/2015
1642,19/09/2015
1643,18/09/2015
1644,18/09/2015
1645,18/09/2015
1646,18/09/2015
1647,17/09/2015
1648,17/09/2015
1649,15/09/2015
1650,14/09/2015
1651,14/09/2015
1652,14/09/2015
1653,14/09/2015
1654,14/09/2015
1655,14/09/2015
1656,13/09/2015
1657,13/09/2015
1658,13/09/2015
1659,13/09/2015
1660,13/09/2015
1661,12/09/2015
1662,12/09/2015
1663,11/09/2015
1664,10/09/2015
1665,10/09/2015
1666,10/09/2015
1667,09/09/2015
1668,09/09/2015
1669,09/09/2015
1670,09/09/2015
1671,09/09/2015
1672,08/09/2015
1673,08/09/2015
1674,08/09/2015
1675,08/09/2015
1676,07/09/2015
1677,07/09/2015
1678,06/09/2015
1679,06/09/2015
1680,06/09/2015
1681,06/09/2015
1682,06/09/2015
1683,06/09/2015
1684,05/09/2015
1685,04/09/2015
1686,04/09/2015
1687,04/09/2015
1688,03/09/2015
1689,03/09/2015
1690,02/09/2015
1691,02/09/2015
1692,01/09/2015
1693,01/09/2015
1694,01/09/2015
1695,31/08/2015
1696,31/08/2015
1697,30/08/2015
1698,30/08/2015
1699,29/08/2015
1700,29/08/2015
1701,28/08/2015
1702,28/08/2015
1703,28/08/2015
1704,28/08/2015
1705,27/08/2015
1706,27/08/2015
1707,27/08/2015
1708,26/08/2015
1709,26/08/2015
1710,26/08/2015
1711,25/08/2015
1712,25/08/2015
1713,25/08/2015
1714,24/08/2015
1715,24/08/2015
1716,24/08/2015
1717,23/08/2015
1718,23/08/2015
1719,23/08/2015
1720,23/08/2015
1721,22/08/2015
1722,22/08/2015
1723,22/08/2015
1724,21/08/2015
1725,21/08/2015
1726,21/08/2015
1727,21/08/2015
1728,21/08/2015
1729,20/08/2015
1730,19/08/2015
1731,19/08/2015
1732,19/08/2015
1733,19/08/2015
1734,19/08/2015
1735,19/08/2015
1736,19/08/2015
1737,18/08/2015
1738,18/08/2015
1739,18/08/2015
1740,18/08/2015
1741,18/08/2015
1742,18/08/2015
1743,18/08/2015
1744,18/08/2015
1745,17/08/2015
1746,17/08/2015
1747,17/08/2015
1748,16/08/2015
1749,16/08/2015
1750,16/08/2015
1751,16/08/2015
1752,15/08/2015
1753,14/08/2015
1754,13/08/2015
1755,13/08/2015
1756,13/08/2015
1757,13/08/2015
1758,13/08/2015
1759,12/08/2015
1760,12/08/2015
1761,12/08/2015
1762,12/08/2015
1763,11/08/2015
1764,10/08/2015
1765,10/08/2015
1766,10/08/2015
1767,10/08/2015
1768,10/08/2015
1769,10/08/2015
1770,09/08/2015
1771,07/08/2015
1772,06/08/2015
1773,06/08/2015
1774,06/08/2015
1775,06/08/2015
1776,05/08/2015
1777,05/08/2015
1778,05/08/2015
1779,05/08/2015
1780,04/08/2015
1781,04/08/2015
1782,03/08/2015
1783,03/08/2015
1784,02/08/2015
1785,02/08/2015
1786,01/08/2015
1787,01/08/2015
1788,31/07/2015
1789,31/07/2015
1790,31/07/2015
1791,30/07/2015
1792,30/07/2015
1793,30/07/2015
1794,29/07/2015
1795,29/07/2015
1796,29/07/2015
1797,29/07/2015
1798,29/07/2015
1799,29/07/2015
1800,29/07/2015
1801,29/07/2015
1802,29/07/2015
1803,28/07/2015
1804,28/07/2015
1805,28/07/2015
1806,28/07/2015
1807,28/07/2015
1808,27/07/2015
1809,27/07/2015
1810,27/07/2015
1811,26/07/2015
1812,26/07/2015
1813,25/07/2015
1814,24/07/2015
1815,24/07/2015
1816,24/07/2015
1817,23/07/2015
1818,23/07/2015
1819,23/07/2015
1820,21/07/2015
1821,21/07/2015
1822,20/07/2015
1823,20/07/2015
1824,20/07/2015
1825,19/07/2015
1826,19/07/2015
1827,19/07/2015
1828,19/07/2015
1829,19/07/2015
1830,18/07/2015
1831,18/07/2015
1832,18/07/2015
1833,17/07/2015
1834,16/07/2015
1835,16/07/2015
1836,16/07/2015
1837,16/07/2015
1838,15/07/2015
1839,15/07/2015
1840,15/07/2015
1841,15/07/2015
1842,14/07/2015
1843,14/07/2015
1844,14/07/2015
1845,13/07/2015
1846,12/07/2015
1847,12/07/2015
1848,12/07/2015
1849,11/07/2015
1850,11/07/2015
1851,11/07/2015
1852,11/07/2015
1853,09/07/2015
1854,09/07/2015
1855,08/07/2015
1856,08/07/2015
1857,08/07/2015
1858,07/07/2015
1859,07/07/2015
1860,07/07/2015
1861,06/07/2015
1862,05/07/2015
1863,05/07/2015
1864,05/07/2015
1865,04/07/2015
1866,03/07/2015
1867,03/07/2015
1868,02/07/2015
1869,01/07/2015
1870,01/07/2015
1871,01/07/2015
1872,30/06/2015
1873,30/06/2015
1874,29/06/2015
1875,29/06/2015
1876,27/06/2015
1877,27/06/2015
1878,27/06/2015
1879,26/06/2015
1880,25/06/2015
1881,25/06/2015
1882,24/06/2015
1883,24/06/2015
1884,23/06/2015
1885,23/06/2015
1886,23/06/2015
1887,23/06/2015
1888,22/06/2015
1889,21/06/2015
1890,20/06/2015
1891,20/06/2015
1892,20/06/2015
1893,19/06/2015
1894,19/06/2015
1895,18/06/2015
1896,18/06/2015
1897,18/06/2015
1898,18/06/2015
1899,17/06/2015
1900,16/06/2015
1901,16/06/2015
1902,15/06/2015
1903,15/06/2015
1904,15/06/2015
1905,14/06/2015
1906,12/06/2015
1907,11/06/2015
1908,11/06/2015
1909,10/06/2015
1910,10/06/2015
1911,10/06/2015
1912,09/06/2015
1913,09/06/2015
1914,08/06/2015
1915,08/06/2015
1916,07/06/2015
1917,07/06/2015
1918,07/06/2015
1919,06/06/2015
1920,05/06/2015
1921,05/06/2015
1922,04/06/2015
1923,03/06/2015
1924,03/06/2015
1925,03/06/2015
1926,02/06/2015
1927,01/06/2015
1928,31/05/2015
1929,29/05/2015
1930,27/05/2015
1931,26/05/2015
1932,25/05/2015
1933,25/05/2015
1934,24/05/2015
1935,21/05/2015
1936,21/05/2015
1937,20/05/2015
1938,18/05/2015
1939,18/05/2015
1940,18/05/2015
1941,17/05/2015
1942,16/05/2015
1943,15/05/2015
1944,14/05/2015
1945,13/05/2015
1946,12/05/2015
1947,12/05/2015
1948,10/05/2015
1949,10/05/2015
1950,06/05/2015
1951,29/04/2015
1952,29/04/2015
1953,29/04/2015
1954,29/04/2015
1955,27/04/2015
1956,26/04/2015
1957,26/04/2015
1958,26/04/2015
1959,26/04/2015
1960,26/04/2015
1961,24/04/2015
1962,20/04/2015
1963,19/04/2015
1964,17/04/2015
1965,15/04/2015
1966,14/04/2015
1967,10/04/2015
1968,09/04/2015
1969,04/04/2015
1970,01/04/2015
1971,18/03/2015
1972,14/03/2015
1973,14/03/2015
1974,09/02/2015
1975,29/01/2015
1976,22/01/2015
1977,08/12/2014
1978,05/12/2014
1979,08/11/2014
1980,06/11/2014
1981,03/11/2014
1982,03/11/2014
1983,01/11/2014
1984,01/11/2014
1985,30/10/2014
1986,28/10/2014
1987,28/10/2014
1988,27/10/2014
1989,27/10/2014
1990,21/10/2014
1991,20/10/2014
1992,17/10/2014
1993,14/10/2014
1994,12/10/2014
1995,10/10/2014
1996,10/10/2014
1997,09/10/2014
1998,08/10/2014
1999,07/10/2014
2000,07/10/2014
2001,07/10/2014
2002,06/10/2014
2003,06/10/2014
2004,05/10/2014
2005,04/10/2014
2006,30/09/2014
2007,30/09/2014
2008,29/09/2014
2009,29/09/2014
2010,28/09/2014
2011,24/09/2014
2012,23/09/2014
2013,22/09/2014
2014,21/09/2014
2015,21/09/2014
2016,21/09/2014
2017,19/09/2014
2018,18/09/2014
2019,17/09/2014
2020,16/09/2014
2021,16/09/2014
2022,15/09/2014
2023,14/09/2014
2024,14/09/2014
2025,12/09/2014
2026,12/09/2014
2027,11/09/2014
2028,11/09/2014
2029,11/09/2014
2030,11/09/2014
2031,10/09/2014
2032,10/09/2014
2033,09/09/2014
2034,08/09/2014
2035,06/09/2014
2036,05/09/2014
2037,04/09/2014
2038,04/09/2014
2039,02/09/2014
2040,02/09/2014
2041,02/09/2014
2042,02/09/2014
2043,02/09/2014
2044,01/09/2014
2045,31/08/2014
2046,31/08/2014
2047,30/08/2014
2048,29/08/2014
2049,28/08/2014
2050,25/08/2014
2051,25/08/2014
2052,24/08/2014
2053,24/08/2014
2054,23/08/2014
2055,22/08/2014
2056,21/08/2014
2057,21/08/2014
2058,19/08/2014
2059,18/08/2014
2060,18/08/2014
2061,18/08/2014
2062,18/08/2014
2063,17/08/2014
2064,17/08/2014
2065,16/08/2014
2066,15/08/2014
2067,15/08/2014
2068,13/08/2014
2069,12/08/2014
2070,12/08/2014
2071,12/08/2014
2072,10/08/2014
2073,07/08/2014
2074,07/08/2014
2075,06/08/2014
2076,06/08/2014
2077,05/08/2014
2078,05/08/2014
2079,05/08/2014
2080,05/08/2014
2081,04/08/2014
2082,04/08/2014
2083,04/08/2014
2084,03/08/2014
2085,03/08/2014
2086,02/08/2014
2087,31/07/2014
2088,31/07/2014
2089,30/07/2014
2090,30/07/2014
2091,30/07/2014
2092,28/07/2014
2093,28/07/2014
2094,28/07/2014
2095,27/07/2014
2096,26/07/2014
2097,26/07/2014
2098,25/07/2014
2099,21/07/2014
2100,20/07/2014
2101,20/07/2014
2102,19/07/2014
2103,17/07/2014
2104,17/07/2014
2105,17/07/2014
2106,17/07/2014
2107,15/07/2014
2108,14/07/2014
2109,13/07/2014
2110,13/07/2014
2111,13/07/2014
2112,12/07/2014
2113,12/07/2014
2114,09/07/2014
2115,04/07/2014
2116,04/07/2014
2117,04/07/2014
2118,04/07/2014
2119,04/07/2014
2120,02/07/2014
2121,02/07/2014
2122,01/07/2014
2123,01/07/2014
2124,01/07/2014
2125,01/07/2014
2126,01/07/2014
2127,01/07/2014
2128,28/06/2014
2129,26/06/2014
2130,25/06/2014
2131,25/06/2014
2132,23/06/2014
2133,22/06/2014
2134,21/06/2014
2135,20/06/2014
2136,19/06/2014
2137,18/06/2014
2138,18/06/2014
2139,16/06/2014
2140,16/06/2014
2141,12/06/2014
2142,11/06/2014
2143,10/06/2014
2144,09/06/2014
2145,09/06/2014
2146,08/06/2014
2147,07/06/2014
2148,07/06/2014
2149,05/06/2014
2150,03/06/2014
2151,02/06/2014
2152,01/06/2014
2153,28/05/2014
2154,28/05/2014
2155,28/05/2014
2156,27/05/2014
2157,26/05/2014
2158,25/05/2014
2159,25/05/2014
2160,20/05/2014
2161,19/05/2014
2162,18/05/2014
2163,15/05/2014
2164,14/05/2014
2165,13/05/2014
2166,12/05/2014
2167,12/05/2014
2168,07/05/2014
2169,05/05/2014
2170,30/04/2014
2171,26/04/2014
2172,24/04/2014
2173,24/04/2014
2174,23/04/2014
2175,20/04/2014
2176,17/04/2014
2177,14/04/2014
2178,10/04/2014
2179,07/04/2014
2180,13/03/2014
2181,11/03/2014
2182,03/03/2014
2183,26/02/2014
2184,22/02/2014
2185,08/02/2014
2186,30/01/2014
2187,08/01/2014
2188,01/01/2014
2189,08/11/2013
2190,08/11/2013
2191,05/11/2013
2192,04/11/2013
2193,03/11/2013
2194,01/11/2013
2195,01/11/2013
2196,31/10/2013
2197,31/10/2013
2198,30/10/2013
2199,30/10/2013
2200,29/10/2013
2201,28/10/2013
2202,28/10/2013
2203,24/10/2013
2204,24/10/2013
2205,23/10/2013
2206,22/10/2013
2207,21/10/2013
2208,19/10/2013
2209,18/10/2013
2210,18/10/2013
2211,17/10/2013
2212,16/10/2013
2213,13/10/2013
2214,11/10/2013
2215,11/10/2013
2216,11/10/2013
2217,10/10/2013
2218,10/10/2013
2219,09/10/2013
2220,08/10/2013
2221,08/10/2013
2222,08/10/2013
2223,08/10/2013
2224,08/10/2013
2225,08/10/2013
2226,07/10/2013
2227,04/10/2013
2228,02/10/2013
2229,01/10/2013
2230,30/09/2013
2231,30/09/2013
2232,29/09/2013
2233,28/09/2013
2234,26/09/2013
2235,26/09/2013
2236,24/09/2013
2237,23/09/2013
2238,21/09/2013
2239,20/09/2013
2240,18/09/2013
2241,18/09/2013
2242,16/09/2013
2243,15/09/2013
2244,14/09/2013
2245,12/09/2013
2246,12/09/2013
2247,11/09/2013
2248,10/09/2013
2249,08/09/2013
2250,08/09/2013
2251,06/09/2013
2252,06/09/2013
2253,05/09/2013
2254,03/09/2013
2255,02/09/2013
2256,02/09/2013
2257,01/09/2013
2258,01/09/2013
2259,29/08/2013
2260,29/08/2013
2261,28/08/2013
2262,28/08/2013
2263,27/08/2013
2264,27/08/2013
2265,27/08/2013
2266,27/08/2013
2267,26/08/2013
2268,26/08/2013
2269,26/08/2013
2270,26/08/2013
2271,26/08/2013
2272,25/08/2013
2273,25/08/2013
2274,25/08/2013
2275,25/08/2013
2276,24/08/2013
2277,22/08/2013
2278,22/08/2013
2279,22/08/2013
2280,19/08/2013
2281,19/08/2013
2282,16/08/2013
2283,16/08/2013
2284,14/08/2013
2285,12/08/2013
2286,11/08/2013
2287,09/08/2013
2288,07/08/2013
2289,07/08/2013
2290,05/08/2013
2291,05/08/2013
2292,05/08/2013
2293,03/08/2013
2294,02/08/2013
2295,01/08/2013
2296,01/08/2013
2297,31/07/2013
2298,31/07/2013
2299,30/07/2013
2300,30/07/2013
2301,29/07/2013
2302,29/07/2013
2303,29/07/2013
2304,29/07/2013
2305,27/07/2013
2306,27/07/2013
2307,26/07/2013
2308,26/07/2013
2309,23/07/2013
2310,22/07/2013
2311,21/07/2013
2312,21/07/2013
2313,21/07/2013
2314,20/07/2013
2315,19/07/2013
2316,19/07/2013
2317,19/07/2013
2318,19/07/2013
2319,17/07/2013
2320,16/07/2013
2321,15/07/2013
2322,12/07/2013
2323,12/07/2013
2324,12/07/2013
2325,11/07/2013
2326,11/07/2013
2327,09/07/2013
2328,09/07/2013
2329,08/07/2013
2330,08/07/2013
2331,07/07/2013
2332,06/07/2013
2333,05/07/2013
2334,04/07/2013
2335,04/07/2013
2336,03/07/2013
2337,03/07/2013
2338,02/07/2013
2339,01/07/2013
2340,30/06/2013
2341,29/06/2013
2342,29/06/2013
2343,28/06/2013
2344,28/06/2013
2345,27/06/2013
2346,27/06/2013
2347,25/06/2013
2348,24/06/2013
2349,21/06/2013
2350,21/06/2013
2351,21/06/2013
2352,19/06/2013
2353,17/06/2013
2354,17/06/2013
2355,17/06/2013
2356,16/06/2013
2357,16/06/2013
2358,16/06/2013
2359,15/06/2013
2360,14/06/2013
2361,12/06/2013
2362,12/06/2013
2363,11/06/2013
2364,11/06/2013
2365,09/06/2013
2366,09/06/2013
2367,07/06/2013
2368,05/06/2013
2369,04/06/2013
2370,04/06/2013
2371,04/06/2013
2372,02/06/2013
2373,02/06/2013
2374,02/06/2013
2375,02/06/2013
2376,01/06/2013
2377,01/06/2013
2378,31/05/2013
2379,30/05/2013
2380,30/05/2013
2381,29/05/2013
2382,28/05/2013
2383,28/05/2013
2384,27/05/2013
2385,26/05/2013
2386,23/05/2013
2387,20/05/2013
2388,20/05/2013
2389,17/05/2013
2390,16/05/2013
2391,15/05/2013
2392,14/05/2013
2393,13/05/2013
2394,10/05/2013
2395,04/05/2013
2396,30/04/2013
2397,30/04/2013
2398,25/04/2013
2399,22/04/2013
2400,16/04/2013
2401,13/04/2013
2402,13/04/2013
2403,12/04/2013
2404,12/04/2013
2405,10/04/2013
2406,10/04/2013
2407,10/04/2013
2408,09/04/2013
2409,06/04/2013
2410,06/04/2013
2411,29/03/2013
2412,07/03/2013
2413,02/03/2013
2414,19/02/2013
2415,10/02/2013
2416,04/02/2013
2417,14/01/2013
2418,10/01/2013
2419,28/12/2012
2420,20/12/2012
2421,28/11/2012
2422,24/11/2012
2423,17/11/2012
2424,15/11/2012
2425,09/11/2012
2426,08/11/2012
2427,07/11/2012
2428,07/11/2012
2429,07/11/2012
2430,07/11/2012
2431,06/11/2012
2432,05/11/2012
2433,02/11/2012
2434,02/11/2012
2435,02/11/2012
2436,29/10/2012
2437,29/10/2012
2438,28/10/2012
2439,28/10/2012
2440,27/10/2012
2441,26/10/2012
2442,25/10/2012
2443,25/10/2012
2444,25/10/2012
2445,24/10/2012
2446,24/10/2012
2447,23/10/2012
2448,23/10/2012
2449,23/10/2012
2450,21/10/2012
2451,19/10/2012
2452,19/10/2012
2453,18/10/2012
2454,16/10/2012
2455,16/10/2012
2456,15/10/2012
2457,15/10/2012
2458,15/10/2012
2459,15/10/2012
2460,14/10/2012
2461,13/10/2012
2462,12/10/2012
2463,11/10/2012
2464,11/10/2012
2465,10/10/2012
2466,10/10/2012
2467,09/10/2012
2468,09/10/2012
2469,08/10/2012
2470,08/10/2012
2471,08/10/2012
2472,08/10/2012
2473,07/10/2012
2474,05/10/2012
2475,04/10/2012
2476,03/10/2012
2477,01/10/2012
2478,30/09/2012
2479,29/09/2012
2480,29/09/2012
2481,28/09/2012
2482,28/09/2012
2483,28/09/2012
2484,27/09/2012
2485,26/09/2012
2486,25/09/2012
2487,23/09/2012
2488,23/09/2012
2489,21/09/2012
2490,21/09/2012
2491,20/09/2012
2492,19/09/2012
2493,18/09/2012
2494,18/09/2012
2495,17/09/2012
2496,17/09/2012
2497,15/09/2012
2498,14/09/2012
2499,14/09/2012
2500,13/09/2012
2501,13/09/2012
2502,13/09/2012
2503,13/09/2012
2504,13/09/2012
2505,12/09/2012
2506,11/09/2012
2507,11/09/2012
2508,11/09/2012
2509,10/09/2012
2510,09/09/2012
2511,06/09/2012
2512,06/09/2012
2513,06/09/2012
2514,04/09/2012
2515,04/09/2012
2516,02/09/2012
2517,02/09/2012
2518,02/09/2012
2519,02/09/2012
2520,01/09/2012
2521,01/09/2012
2522,01/09/2012
2523,31/08/2012
2524,31/08/2012
2525,31/08/2012
2526,30/08/2012
2527,30/08/2012
2528,29/08/2012
2529,29/08/2012
2530,28/08/2012
2531,26/08/2012
2532,24/08/2012
2533,23/08/2012
2534,22/08/2012
2535,22/08/2012
2536,21/08/2012
2537,21/08/2012
2538,20/08/2012
2539,20/08/2012
2540,20/08/2012
2541,19/08/2012
2542,17/08/2012
2543,17/08/2012
2544,16/08/2012
2545,15/08/2012
2546,14/08/2012
2547,13/08/2012
2548,12/08/2012
2549,12/08/2012
2550,12/08/2012
2551,12/08/2012
2552,12/08/2012
2553,11/08/2012
2554,10/08/2012
2555,10/08/2012
2556,09/08/2012
2557,08/08/2012
2558,08/08/2012
2559,06/08/2012
2560,06/08/2012
2561,05/08/2012
2562,04/08/2012
2563,04/08/2012
2564,04/08/2012
2565,03/08/2012
2566,03/08/2012
2567,03/08/2012
2568,02/08/2012
2569,02/08/2012
2570,02/08/2012
2571,02/08/2012
2572,01/08/2012
2573,01/08/2012
2574,01/08/2012
2575,31/07/2012
2576,31/07/2012
2577,31/07/2012
2578,29/07/2012
2579,28/07/2012
2580,28/07/2012
2581,27/07/2012
2582,27/07/2012
2583,27/07/2012
2584,26/07/2012
2585,26/07/2012
2586,26/07/2012
2587,25/07/2012
2588,23/07/2012
2589,22/07/2012
2590,21/07/2012
2591,21/07/2012
2592,21/07/2012
2593,19/07/2012
2594,19/07/2012
2595,18/07/2012
2596,16/07/2012
2597,16/07/2012
2598,16/07/2012
2599,15/07/2012
2600,14/07/2012
2601,13/07/2012
2602,12/07/2012
2603,10/07/2012
2604,10/07/2012
2605,09/07/2012
2606,09/07/2012
2607,08/07/2012
2608,03/07/2012
2609,02/07/2012
2610,02/07/2012
2611,01/07/2012
2612,29/06/2012
2613,27/06/2012
2614,26/06/2012
2615,25/06/2012
2616,24/06/2012
2617,22/06/2012
2618,21/06/2012
2619,20/06/2012
2620,20/06/2012
2621,19/06/2012
2622,16/06/2012
2623,16/06/2012
2624,15/06/2012
2625,11/06/2012
2626,10/06/2012
2627,10/06/2012
2628,07/06/2012
2629,07/06/2012
2630,07/06/2012
2631,05/06/2012
2632,04/06/2012
2633,03/06/2012
2634,26/05/2012
2635,22/05/2012
2636,22/05/2012
2637,14/05/2012
2638,30/04/2012
2639,28/04/2012
2640,24/04/2012
2641,23/04/2012
2642,23/04/2012
2643,12/04/2012
2644,08/04/2012
2645,06/04/2012
2646,04/04/2012
2647,20/03/2012
2648,19/03/2012
2649,08/03/2012
2650,09/02/2012
2651,05/02/2012
2652,02/02/2012
2653,21/01/2012
2654,05/01/2012
2655,07/11/2011
2656,01/11/2011
2657,31/10/2011
2658,31/10/2011
2659,30/10/2011
2660,28/10/2011
2661,26/10/2011
2662,23/10/2011
2663,17/10/2011
2664,13/10/2011
2665,10/10/2011
2666,03/10/2011
2667,26/09/2011
2668,25/09/2011
2669,23/09/2011
2670,18/09/2011
2671,16/09/2011
2672,16/09/2011
2673,11/09/2011
2674,10/09/2011
2675,10/09/2011
2676,09/09/2011
2677,06/09/2011
2678,05/09/2011
2679,05/09/2011
2680,02/09/2011
2681,30/08/2011
2682,28/08/2011
2683,26/08/2011
2684,19/08/2011
2685,19/08/2011
2686,17/08/2011
2687,16/08/2011
2688,14/08/2011
2689,14/08/2011
2690,12/08/2011
2691,11/08/2011
2692,11/08/2011
2693,10/08/2011
2694,08/08/2011
2695,04/08/2011
2696,02/08/2011
2697,30/07/2011
2698,27/07/2011
2699,26/07/2011
2700,26/07/2011
2701,19/07/2011
2702,01/07/2011
2703,22/06/2011
2704,21/06/2011
2705,18/06/2011
2706,13/06/2011
2707,08/06/2011
2708,08/06/2011
2709,08/06/2011
2710,25/05/2011
2711,19/05/2011
2712,17/05/2011
2713,24/11/2010
2714,04/11/2010
2715,31/10/2010
2716,10/10/2010
2717,03/10/2010
2718,16/09/2010
2719,27/08/2010
2720,03/08/2010
2721,28/07/2010
2722,28/07/2010
2723,26/07/2010
2724,20/07/2010
2725,18/07/2010
2726,17/07/2010
2727,05/07/2010
2728,22/06/2010
2729,21/06/2010
